,!,!=,$,&&,(,),*,+,-,/,;,<,<=,==,>,>=,[,],basic,break,do,else,id,if,loc,loc=bool,num,real,true,while,{,||,},stmt,decl,stmts
0,,,,,,,,,,,,,,,,,,,,,,,,,,,,,,,s3,,,,,
1,,,acc,,,,,,,,,,,,,,,,,,,,,,,,,,,,,,,,,
2,,,r1,,,,,,,,,,,,,,,,,,,,,,,,,,,,,,,,,
3,,,,,,,,,,,,,,,,,,,,,,,,,,,,,,,,,,,,
4,,,,,,,,,,,,,,,,,,,s8,,,,,,,,,,,,,,,,,
5,,,,,,,,,,,,,,,,,,,,,,,,,,,,,,,,,,,r3,r3
6,,,,,,,,,,,,,,,,,,,,s17,s16,,,s14,,s13,,,,s15,s19,,s11,,,
7,,,,,,,,,,,,,,,,,s9,,,,,,s10,,,,,,,,,,,,,
8,,,,,,,,,,,,,,,,,r7,,,,,,r7,,,,,,,,,,,,,
9,,,,,,,,,,,,,,,,,,,,,,,,,,,s34,,,,,,,,,
10,,,,,,,,,,,s31,,,,,,,,,,,,,,,,,,,,,,,,,
11,,,r2,,,,,,,,,,,,,,,,,,,,,,,,,,,,,,,,,
12,,,,,,,,,,,,,,,,,,,,,,,,,,,,,,,,,r8,r8,,
13,,,,,,,,,,,s33,,,,,,,,,,,,,,,,,,,,,,,,,
14,,,,,s32,,,,,,,,,,,,,,,,,,,,,,,,,,,,,,,
15,,,,,s20,,,,,,,,,,,,,,,,,,,,,,,,,,,,,,,
16,,,,,,,,,,,,,,,,,,,,s26,s25,,,s23,,s22,,,,s24,s28,,,,,
17,,,,,,,,,,,s30,,,,,,,,,,,,,,,,,,,,,,,,,
18,,,,,,,,,,,,,,,,,,,,,,,,,,,,,,,,,r16,r16,,
19,,,,,,,,,,,,,,,,,,,,,,,,,,,,,,,,,,,,
20,s43,,,,s46,,,,s44,,,,,,,,,,,,,,,,s47,,s48,s49,s50,,,,,,,
21,,,,,,,,,,,,,,,,,,,,,,,,,,,,,,s55,,,,,,
22,,,,,,,,,,,s53,,,,,,,,,,,,,,,,,,,,,,,,,
23,,,,,s54,,,,,,,,,,,,,,,,,,,,,,,,,,,,,,,
24,,,,,s56,,,,,,,,,,,,,,,,,,,,,,,,,,,,,,,
25,,,,,,,,,,,,,,,,,,,,s26,s25,,,s23,,s22,,,,s24,s28,,,,,
26,,,,,,,,,,,s35,,,,,,,,,,,,,,,,,,,,,,,,,
27,,,,,,,,,,,,,,,,,,,,,,,,,,,,,,r16,,,,,,
28,,,,,,,,,,,,,,,,,,,,,,,,,,,,,,,,,,,,
29,,,,,,,,,,,,,,,,,,,s8,,,,,,,,,,,,,,,,,
30,,,,,,,,,,,,,,,,,,,,,,,,,,,,,,,,,r15,r15,,
31,,,,,,,,,,,,,,,,,,,,,,,,,,,,,,,,,,,r5,r5
32,s43,,,,s46,,,,s44,,,,,,,,,,,,,,,,s47,,s48,s49,s50,,,,,,,
33,,,,,,,,,,,,,,,,,,,,,,,,,,,,,,,,,r10,r10,,
34,,,,,,,,,,,,,,,,,,s57,,,,,,,,,,,,,,,,,,
35,,,,,,,,,,,,,,,,,,,,,,,,,,,,,,r15,,,,,,
36,,,,,,s96,,,,,,,,,,,,,,,,,,,,,,,,,,s64,,,,
37,,,,s63,,r20,,,,,,,,,,,,,,,,,,,,,,,,,,r20,,,,
38,,s61,,r22,,r22,,,,,,,,s60,,,,,,,,,,,,,,,,,,r22,,,,
39,,r25,,r25,,r25,,,,,,,,r25,,,,,,,,,,,,,,,,,,r25,,,,
40,,r30,,r30,,r30,,s92,s91,,,s95,s90,r30,s94,s93,,,,,,,,,,,,,,,,r30,,,,
41,,r33,,r33,,r33,s88,r33,r33,s87,,r33,r33,r33,r33,r33,,,,,,,,,,,,,,,,r33,,,,
42,,r36,,r36,,r36,r36,r36,r36,r36,,r36,r36,r36,r36,r36,,,,,,,,,,,,,,,,r36,,,,
43,s43,,,,s70,,,,s68,,,,,,,,,,,,,,,,s71,,s72,s73,s50,,,,,,,
44,s75,,,,s78,,,,s76,,,,,,,,,,,,,,,,s79,,s80,s81,s82,,,,,,,
45,,r39,,r39,,r39,r39,r39,r39,r39,,r39,r39,r39,r39,r39,,,,,,,,,,,,,,,,r39,,,,
46,s43,,,,s46,,,,s44,,,,,,,,,,,,,,,,s47,,s48,s49,s50,,,,,,,
47,,r41,,r41,,r41,r41,r41,r41,r41,,r41,r41,r41,r41,r41,,,,,,,,,,,,,,,,r41,,,,
48,,r42,,r42,,r42,r42,r42,r42,r42,,r42,r42,r42,r42,r42,,,,,,,,,,,,,,,,r42,,,,
49,,r43,,r43,,r43,r43,r43,r43,r43,,r43,r43,r43,r43,r43,,,,,,,,,,,,,,,,r43,,,,
50,,r44,,r44,,r44,r44,r44,r44,r44,,r44,r44,r44,r44,r44,,,,,,,,,,,,,,,,r44,,,,
51,,,,,,,,,,,,,,,,,,,,s17,s16,,,s14,,s13,,,,s15,s19,,s83,,,
52,,,,,,,,,,,,,,,,,,,,,,,,,,,,,,s66,,,,,,
53,,,,,,,,,,,,,,,,,,,,,,,,,,,,,,r10,,,,,,
54,s43,,,,s46,,,,s44,,,,,,,,,,,,,,,,s47,,s48,s49,s50,,,,,,,
55,,,,,s62,,,,,,,,,,,,,,,,,,,,,,,,,,,,,,,
56,s43,,,,s46,,,,s44,,,,,,,,,,,,,,,,s47,,s48,s49,s50,,,,,,,
57,,,,,,,,,,,,,,,,,r6,,,,,,r6,,,,,,,,,,,,,
58,,,,,,s65,,,,,,,,,,,,,,,,,,,,,,,,,,s64,,,,
59,,,,,,,,,,,,,,,,,,,s8,,,,,,,,,,,,,,,,,
60,s43,,,,s70,,,,s162,,,,,,,,,,,,,,,,s47,,s113,s73,s130,,,,,,,
61,s43,,,,s70,,,,s167,,,,,,,,,,,,,,,,s137,,s48,s49,s130,,,,,,,
62,s43,,,,s46,,,,s44,,,,,,,,,,,,,,,,s47,,s48,s49,s50,,,,,,,
63,s43,,,,s46,,,,s44,,,,,,,,,,,,,,,,s47,,s48,s49,s50,,,,,,,
64,s43,,,,s46,,,,s44,,,,,,,,,,,,,,,,s47,,s48,s49,s50,,,,,,,
65,,,,,,,,,,,,,,,,,,,,s155,s154,,,s152,,s151,,,,s153,s157,,,,,
66,,,,,s107,,,,,,,,,,,,,,,,,,,,,,,,,,,,,,,
67,,r37,,r37,,r37,r37,r37,r37,r37,,r37,r37,r37,r37,r37,,,,,,,,,,,,,,,,r37,,,,
68,s75,,,,s143,,,,s141,,,,,,,,,,,,,,,,s79,,s80,s81,s50,,,,,,,
69,,r39,,r39,,r39,r39,r39,r39,r39,,r39,r39,r39,r39,r39,,,,,,,,,,,,,,,,r39,,,,
70,s43,,,,s46,,,,s44,,,,,,,,,,,,,,,,s47,,s48,s49,s50,,,,,,,
71,,r41,,r41,,r41,r41,r41,r41,r41,,r41,r41,r41,r41,r41,,,,,,,,,,,,,,,,r41,,,,
72,,r42,,r42,,r42,r42,r42,r42,r42,,r42,r42,r42,r42,r42,,,,,,,,,,,,,,,,r42,,,,
73,,r43,,r43,,r43,r43,r43,r43,r43,,r43,r43,r43,r43,r43,,,,,,,,,,,,,,,,r43,,,,
74,,r38,,r38,,r38,r38,r38,r38,r38,,r38,r38,r38,r38,r38,,,,,,,,,,,,,,,,r38,,,,
75,s75,,,,s70,,,,s68,,,,,,,,,,,,,,,,s71,,s72,s73,s50,,,,,,,
76,s75,,,,s70,,,,s76,,,,,,,,,,,,,,,,s137,,s138,s81,s82,,,,,,,
77,,r39,,r39,,r39,r39,r39,r39,r39,,r39,r39,r39,r39,r39,,,,,,,,,,,,,,,,r39,,,,
78,s43,,,,s46,,,,s44,,,,,,,,,,,,,,,,s47,,s48,s49,s50,,,,,,,
79,,r41,,r41,,r41,r41,r41,r41,r41,,r41,r41,r41,r41,r41,,,,,,,,,,,,,,,,r41,,,,
80,,r42,,r42,,r42,r42,r42,r42,r42,,r42,r42,r42,r42,r42,,,,,,,,,,,,,,,,r42,,,,
81,,r43,,r43,,r43,r43,r43,r43,r43,,r43,r43,r43,r43,r43,,,,,,,,,,,,,,,,r43,,,,
82,,r44,,r44,,r44,r44,r44,r44,r44,,r44,r44,r44,r44,r44,,,,,,,,,,,,,,,,r44,,,,
83,,,,,,,,,,,,,,,,,,,,,,,,,,,,,,,,,r2,r2,,
84,,,,,,s108,,,,,,,,,,,,,,,,,,,,,,,,,,s64,,,,
85,,,,,,s106,,,,,,,,,,,,,,,,,,,,,,,,,,s64,,,,
86,,,,,,,,,,,,,,,,,,,,s17,s16,,,s14,,s13,,,,s15,s19,,s105,,,
87,s43,,,,s70,,,,s127,,,,,,,,,,,,,,,,s47,,s129,s81,s130,,,,,,,
88,s75,,,,s78,,,,s145,,,,,,,,,,,,,,,,s147,,s148,s49,s149,,,,,,,
89,,,,,,s97,,,,,,,,,,,,,,,,,,,,,,,,,,s64,,,,
90,s117,,,,s133,,,,s132,,,,,,,,,,,,,,,,s121,,s122,s123,s134,,,,,,,
91,s111,,,,s70,,,,s112,,,,,,,,,,,,,,,,s103,,s113,s73,s82,,,,,,,
92,s43,,,,s102,,,,s100,,,,,,,,,,,,,,,,s103,,s72,s73,s104,,,,,,,
93,s117,,,,s120,,,,s132,,,,,,,,,,,,,,,,s121,,s122,s123,s134,,,,,,,
94,s117,,,,s133,,,,s132,,,,,,,,,,,,,,,,s121,,s122,s123,s134,,,,,,,
95,s117,,,,s120,,,,s118,,,,,,,,,,,,,,,,s121,,s122,s123,s124,,,,,,,
96,,,,,,,,,,,,,,,,,,,,s17,s16,,,s14,,s13,,,,s15,s19,,,,,
97,,r40,,r40,,r40,r40,r40,r40,r40,,r40,r40,r40,r40,r40,,,,,,,,,,,,,,,,r40,,,,
98,,r31,,r31,,r31,s88,r31,r31,s87,,r31,r31,r31,r31,r31,,,,,,,,,,,,,,,,r31,,,,
99,,r36,,r36,,r36,r36,r36,r36,r36,,r36,r36,r36,r36,r36,,,,,,,,,,,,,,,,r36,,,,
100,s75,,,,s143,,,,s207,,,,,,,,,,,,,,,,s79,,s80,s81,s82,,,,,,,
101,,r39,,r39,,r39,r39,r39,r39,r39,,r39,r39,r39,r39,r39,,,,,,,,,,,,,,,,r39,,,,
102,s43,,,,s46,,,,s44,,,,,,,,,,,,,,,,s47,,s48,s49,s50,,,,,,,
103,,r41,,r41,,r41,r41,r41,r41,r41,,r41,r41,r41,r41,r41,,,,,,,,,,,,,,,,r41,,,,
104,,r44,,r44,,r44,r44,r44,r44,r44,,r44,r44,r44,r44,r44,,,,,,,,,,,,,,,,r44,,,,
105,,,,,,,,,,,,,,,,,,,,,,,,,,,,,,r2,,,,,,
106,,,,,,,,,,,,,,,,,,,,s26,s25,,,s23,,s22,,,,s24,s28,,,,,
107,s43,,,,s46,,,,s44,,,,,,,,,,,,,,,,s47,,s48,s49,s50,,,,,,,
108,,,,,,,,,,,,,,,,,,,,s203,s202,,,s200,,s199,,,,s201,s205,,,,,
109,,r32,,r32,,r32,s88,r32,r32,s87,,r32,r32,r32,r32,r32,,,,,,,,,,,,,,,,r32,,,,
110,,r36,,r36,,r36,r36,r36,r36,r36,,r36,r36,r36,r36,r36,,,,,,,,,,,,,,,,r36,,,,
111,s111,,,,s70,,,,s68,,,,,,,,,,,,,,,,s71,,s72,s73,s50,,,,,,,
112,s173,,,,s78,,,,s208,,,,,,,,,,,,,,,,s176,,s138,s81,s82,,,,,,,
113,,r42,,r42,,r42,r42,r42,r42,r42,,r42,r42,r42,r42,r42,,,,,,,,,,,,,,,,r42,,,,
114,,r26,,r26,,r26,,s187,s195,,,,,r26,,,,,,,,,,,,,,,,,,r26,,,,
115,,r33,,r33,,r33,s193,r33,r33,s194,,,,r33,,,,,,,,,,,,,,,,,,r33,,,,
116,,r36,,r36,,r36,r36,r36,r36,r36,,,,r36,,,,,,,,,,,,,,,,,,r36,,,,
117,s117,,,,s120,,,,s170,,,,,,,,,,,,,,,,s121,,s122,s123,s134,,,,,,,
118,s182,,,,s133,,,,s132,,,,,,,,,,,,,,,,s121,,s183,s123,s134,,,,,,,
119,,r39,,r39,,r39,r39,r39,r39,r39,,,,r39,,,,,,,,,,,,,,,,,,r39,,,,
120,s43,,,,s46,,,,s44,,,,,,,,,,,,,,,,s47,,s48,s49,s50,,,,,,,
121,,r41,,r41,,r41,r41,r41,r41,r41,,,,r41,,,,,,,,,,,,,,,,,,r41,,,,
122,,r42,,r42,,r42,r42,r42,r42,r42,,,,r42,,,,,,,,,,,,,,,,,,r42,,,,
123,,r43,,r43,,r43,r43,r43,r43,r43,,,,r43,,,,,,,,,,,,,,,,,,r43,,,,
124,,r44,,r44,,r44,r44,r44,r44,r44,,,,r44,,,,,,,,,,,,,,,,,,r44,,,,
125,,r37,,r37,,r37,r37,r37,r37,r37,,r37,r37,r37,r37,r37,,,,,,,,,,,,,,,,r37,,,,
126,,r35,,r35,,r35,r35,r35,r35,r35,,r35,r35,r35,r35,r35,,,,,,,,,,,,,,,,r35,,,,
127,s75,,,,s78,,,,s184,,,,,,,,,,,,,,,,s176,,s138,s81,s82,,,,,,,
128,,r39,,r39,,r39,r39,r39,r39,r39,,r39,r39,r39,r39,r39,,,,,,,,,,,,,,,,r39,,,,
129,,r42,,r42,,r42,r42,r42,r42,r42,,r42,r42,r42,r42,r42,,,,,,,,,,,,,,,,r42,,,,
130,,r44,,r44,,r44,r44,r44,r44,r44,,r44,r44,r44,r44,r44,,,,,,,,,,,,,,,,r44,,,,
131,,r29,,r29,,r29,,s187,s186,,,,,r29,,,,,,,,,,,,,,,,,,r29,,,,
132,s182,,,,s133,,,,s118,,,,,,,,,,,,,,,,s121,,s183,s123,s134,,,,,,,
133,s43,,,,s46,,,,s44,,,,,,,,,,,,,,,,s47,,s48,s49,s50,,,,,,,
134,,r44,,r44,,r44,r44,r44,r44,r44,,,,r44,,,,,,,,,,,,,,,,,,r44,,,,
135,,s61,,r21,,r21,,,,,,,,s60,,,,,,,,,,,,,,,,,,r21,,,,
136,,r39,,r39,,r39,r39,r39,r39,r39,,r39,r39,r39,r39,r39,,,,,,,,,,,,,,,,r39,,,,
137,,r41,,r41,,r41,r41,r41,r41,r41,,r41,r41,r41,r41,r41,,,,,,,,,,,,,,,,r41,,,,
138,,r42,,r42,,r42,r42,r42,r42,r42,,r42,r42,r42,r42,r42,,,,,,,,,,,,,,,,r42,,,,
139,,r27,,r27,,r27,,s187,s186,,,,,r27,,,,,,,,,,,,,,,,,,r27,,,,
140,,,,,,s190,,,,,,,,,,,,,,,,,,,,,,,,,,s64,,,,
141,s173,,,,s70,,,,s141,,,,,,,,,,,,,,,,s176,,s80,s81,s82,,,,,,,
142,,r39,,r39,,r39,r39,r39,r39,r39,,r39,r39,r39,r39,r39,,,,,,,,,,,,,,,,r39,,,,
143,s43,,,,s46,,,,s44,,,,,,,,,,,,,,,,s47,,s48,s49,s50,,,,,,,
144,,r34,,r34,,r34,r34,r34,r34,r34,,r34,r34,r34,r34,r34,,,,,,,,,,,,,,,,r34,,,,
145,s75,,,,s70,,,,s145,,,,,,,,,,,,,,,,s137,,s138,s81,s82,,,,,,,
146,,r39,,r39,,r39,r39,r39,r39,r39,,r39,r39,r39,r39,r39,,,,,,,,,,,,,,,,r39,,,,
147,,r41,,r41,,r41,r41,r41,r41,r41,,r41,r41,r41,r41,r41,,,,,,,,,,,,,,,,r41,,,,
148,,r42,,r42,,r42,r42,r42,r42,r42,,r42,r42,r42,r42,r42,,,,,,,,,,,,,,,,r42,,,,
149,,r44,,r44,,r44,r44,r44,r44,r44,,r44,r44,r44,r44,r44,,,,,,,,,,,,,,,,r44,,,,
150,,,,,,,,,,,,,,,,,,,,,,s191,,,,,,,,,,,r11,r11,,
151,,,,,,,,,,,s168,,,,,,,,,,,,,,,,,,,,,,,,,
152,,,,,s177,,,,,,,,,,,,,,,,,,,,,,,,,,,,,,,
153,,,,,s196,,,,,,,,,,,,,,,,,,,,,,,,,,,,,,,
154,,,,,,,,,,,,,,,,,,,,s26,s25,,,s23,,s22,,,,s24,s28,,,,,
155,,,,,,,,,,,s209,,,,,,,,,,,,,,,,,,,,,,,,,
156,,,,,,,,,,,,,,,,,,,,,,r16,,,,,,,,,,,r16,r16,,
157,,,,,,,,,,,,,,,,,,,,,,,,,,,,,,,,,,,,
158,,r28,,r28,,r28,,s187,s186,,,,,r28,,,,,,,,,,,,,,,,,,r28,,,,
159,,r23,,r23,,r23,,,,,,,,r23,,,,,,,,,,,,,,,,,,r23,,,,
160,,r30,,r30,,r30,,s92,s91,,,s95,s90,r30,s94,s93,,,,,,,,,,,,,,,,r30,,,,
161,,r36,,r36,,r36,r36,r36,r36,r36,,r36,r36,r36,r36,r36,,,,,,,,,,,,,,,,r36,,,,
162,s173,,,,s78,,,,s174,,,,,,,,,,,,,,,,s176,,s138,s81,s82,,,,,,,
163,,,,s63,,r19,,,,,,,,,,,,,,,,,,,,,,,,,,r19,,,,
164,,,,,,,,,,,,,,,,,,,,,,,,,,,,,,,,,r13,r13,,
165,,r24,,r24,,r24,,,,,,,,r24,,,,,,,,,,,,,,,,,,r24,,,,
166,,r30,,r30,,r30,,s92,s91,,,s95,s90,r30,s94,s93,,,,,,,,,,,,,,,,r30,,,,
167,s173,,,,s78,,,,s178,,,,,,,,,,,,,,,,s180,,s138,s81,s82,,,,,,,
168,,,,,,,,,,,,,,,,,,,,,,r10,,,,,,,,,,,r10,r10,,
169,,r37,,r37,,r37,r37,r37,r37,r37,,,,r37,,,,,,,,,,,,,,,,,,r37,,,,
170,s182,,,,s133,,,,s230,,,,,,,,,,,,,,,,s121,,s183,s123,s134,,,,,,,
171,,r39,,r39,,r39,r39,r39,r39,r39,,,,r39,,,,,,,,,,,,,,,,,,r39,,,,
172,,r38,,r38,,r38,r38,r38,r38,r38,,r38,r38,r38,r38,r38,,,,,,,,,,,,,,,,r38,,,,
173,s173,,,,s70,,,,s68,,,,,,,,,,,,,,,,s71,,s72,s73,s50,,,,,,,
174,s173,,,,s70,,,,s174,,,,,,,,,,,,,,,,s47,,s138,s81,s82,,,,,,,
175,,r39,,r39,,r39,r39,r39,r39,r39,,r39,r39,r39,r39,r39,,,,,,,,,,,,,,,,r39,,,,
176,,r41,,r41,,r41,r41,r41,r41,r41,,r41,r41,r41,r41,r41,,,,,,,,,,,,,,,,r41,,,,
177,s43,,,,s46,,,,s44,,,,,,,,,,,,,,,,s47,,s48,s49,s50,,,,,,,
178,s173,,,,s78,,,,s178,,,,,,,,,,,,,,,,s137,,s138,s81,s82,,,,,,,
179,,r39,,r39,,r39,r39,r39,r39,r39,,r39,r39,r39,r39,r39,,,,,,,,,,,,,,,,r39,,,,
180,,r41,,r41,,r41,r41,r41,r41,r41,,r41,r41,r41,r41,r41,,,,,,,,,,,,,,,,r41,,,,
181,,r38,,r38,,r38,r38,r38,r38,r38,,,,r38,,,,,,,,,,,,,,,,,,r38,,,,
182,s182,,,,s120,,,,s170,,,,,,,,,,,,,,,,s121,,s122,s123,s134,,,,,,,
183,,r42,,r42,,r42,r42,r42,r42,r42,,,,r42,,,,,,,,,,,,,,,,,,r42,,,,
184,s75,,,,s70,,,,s184,,,,,,,,,,,,,,,,s47,,s138,s81,s82,,,,,,,
185,,r39,,r39,,r39,r39,r39,r39,r39,,r39,r39,r39,r39,r39,,,,,,,,,,,,,,,,r39,,,,
186,s117,,,,s133,,,,s132,,,,,,,,,,,,,,,,s121,,s122,s123,s124,,,,,,,
187,s117,,,,s120,,,,s216,,,,,,,,,,,,,,,,s121,,s122,s123,s124,,,,,,,
188,,,,,,,,,,,,,,,,,,,,,,,,,,,,,,r13,,,,,,
189,,,,,,,,,,,,,,,,,,,,,,,,,,,,,,s236,,,,,,
190,,,,,,,,,,,s228,,,,,,,,,,,,,,,,,,,,,,,,,
191,,,,,,,,,,,,,,,,,,,,s17,s16,,,s14,,s13,,,,s15,s19,,,,,
192,,,,,,s234,,,,,,,,,,,,,,,,,,,,,,,,,,s64,,,,
193,s182,,,,s120,,,,s216,,,,,,,,,,,,,,,,s218,,s122,s123,s219,,,,,,,
194,s117,,,,s120,,,,s118,,,,,,,,,,,,,,,,s121,,s183,s123,s124,,,,,,,
195,s117,,,,s120,,,,s216,,,,,,,,,,,,,,,,s121,,s122,s123,s134,,,,,,,
196,s43,,,,s46,,,,s44,,,,,,,,,,,,,,,,s47,,s48,s49,s50,,,,,,,
197,,,,,,s237,,,,,,,,,,,,,,,,,,,,,,,,,,s64,,,,
198,,,,,,,,,,,,,,,,,,,,,,s226,,,,,,,,r11,,,,,,
199,,,,,,,,,,,s232,,,,,,,,,,,,,,,,,,,,,,,,,
200,,,,,s227,,,,,,,,,,,,,,,,,,,,,,,,,,,,,,,
201,,,,,s213,,,,,,,,,,,,,,,,,,,,,,,,,,,,,,,
202,,,,,,,,,,,,,,,,,,,,s26,s25,,,s23,,s22,,,,s24,s28,,,,,
203,,,,,,,,,,,s222,,,,,,,,,,,,,,,,,,,,,,,,,
204,,,,,,,,,,,,,,,,,,,,,,r16,,,,,,,,r16,,,,,,
205,,,,,,,,,,,,,,,,,,,,,,,,,,,,,,,,,,,,
206,,r39,,r39,,r39,r39,r39,r39,r39,,r39,r39,r39,r39,r39,,,,,,,,,,,,,,,,r39,,,,
207,s75,,,,s70,,,,s207,,,,,,,,,,,,,,,,s176,,s138,s81,s82,,,,,,,
208,s173,,,,s70,,,,s208,,,,,,,,,,,,,,,,s176,,s224,s225,s82,,,,,,,
209,,,,,,,,,,,,,,,,,,,,,,r15,,,,,,,,,,,r15,r15,,
210,,,,,,,,,,,,,,,,,,,s8,,,,,,,,,,,,,,,,,
211,,,,,,,,,,,,,,,,,,,s8,,,,,,,,,,,,,,,,,
212,,,,,,,,,,,,,,,,,,,,,,,,,,,,,,s247,,,,,,
213,s43,,,,s46,,,,s44,,,,,,,,,,,,,,,,s47,,s48,s49,s50,,,,,,,
214,,r35,,r35,,r35,r35,r35,r35,r35,,,,r35,,,,,,,,,,,,,,,,,,r35,,,,
215,,r34,,r34,,r34,r34,r34,r34,r34,,,,r34,,,,,,,,,,,,,,,,,,r34,,,,
216,s182,,,,s133,,,,s250,,,,,,,,,,,,,,,,s121,,s183,s123,s134,,,,,,,
217,,r39,,r39,,r39,r39,r39,r39,r39,,,,r39,,,,,,,,,,,,,,,,,,r39,,,,
218,,r41,,r41,,r41,r41,r41,r41,r41,,,,r41,,,,,,,,,,,,,,,,,,r41,,,,
219,,r44,,r44,,r44,r44,r44,r44,r44,,,,r44,,,,,,,,,,,,,,,,,,r44,,,,
220,,,,,,s249,,,,,,,,,,,,,,,,,,,,,,,,,,s64,,,,
221,,r32,,r32,,r32,s193,r32,r32,s194,,,,r32,,,,,,,,,,,,,,,,,,r32,,,,
222,,,,,,,,,,,,,,,,,,,,,,r15,,,,,,,,r15,,,,,,
223,,,,,,,,,,,,,,,,,,,,s17,s16,,,s14,,s13,,,,s15,s19,,s244,,,
224,,r42,,r42,,r42,r42,r42,r42,r42,,r42,r42,r42,r42,r42,,,,,,,,,,,,,,,,r42,,,,
225,,r43,,r43,,r43,r43,r43,r43,r43,,r43,r43,r43,r43,r43,,,,,,,,,,,,,,,,r43,,,,
226,,,,,,,,,,,,,,,,,,,,s26,s25,,,s23,,s22,,,,s24,s28,,,,,
227,s43,,,,s46,,,,s44,,,,,,,,,,,,,,,,s47,,s48,s49,s50,,,,,,,
228,,,,,,,,,,,,,,,,,,,,,,,,,,,,,,,,,r14,r14,,
229,,r37,,r37,,r37,r37,r37,r37,r37,,,,r37,,,,,,,,,,,,,,,,,,r37,,,,
230,s182,,,,s133,,,,s170,,,,,,,,,,,,,,,,s121,,s183,s123,s134,,,,,,,
231,,,,,,s243,,,,,,,,,,,,,,,,,,,,,,,,,,s64,,,,
232,,,,,,,,,,,,,,,,,,,,,,r10,,,,,,,,r10,,,,,,
233,,r39,,r39,,r39,r39,r39,r39,r39,,r39,r39,r39,r39,r39,,,,,,,,,,,,,,,,r39,,,,
234,,r40,,r40,,r40,r40,r40,r40,r40,,,,r40,,,,,,,,,,,,,,,,,,r40,,,,
235,,r31,,r31,,r31,s193,r31,r31,s194,,,,r31,,,,,,,,,,,,,,,,,,r31,,,,
236,,,,,s241,,,,,,,,,,,,,,,,,,,,,,,,,,,,,,,
237,,,,,,,,,,,s245,,,,,,,,,,,,,,,,,,,,,,,,,
238,,r39,,r39,,r39,r39,r39,r39,r39,,r39,r39,r39,r39,r39,,,,,,,,,,,,,,,,r39,,,,
239,,,,,,,,,,,,,,,,,,,,,,,,,,,,,,,,,r12,r12,,
240,,,,,,s254,,,,,,,,,,,,,,,,,,,,,,,,,,s64,,,,
241,s43,,,,s46,,,,s44,,,,,,,,,,,,,,,,s47,,s48,s49,s50,,,,,,,
242,,,,,,,,,,,,,,,,,,,,,,,,,,,,,,r12,,,,,,
243,,,,,,,,,,,,,,,,,,,,s155,s154,,,s152,,s151,,,,s153,s157,,,,,
252,,,,,,,,,,,,,,,,,,,,,,r11,,,,,,,,,,,r11,r11,,
265,,,,,,,,,,,,,,,,,,,,,,r14,,,,,,,,,,,r14,r14,,
253,s43,,,,s46,,,,s44,,,,,,,,,,,,,,,,s47,,s48,s49,s50,,,,,,,
249,,,,,,,,,,,,,,,,,,,,s155,s154,,,s152,,s151,,,,s153,s157,,,,,
268,,,,,,,,,,,,,,,,,,,,,,r12,,,,,,,,r12,,,,,,
251,,,,,,,,,,,,,,,,,,,,,,r13,,,,,,,,,,,r13,r13,,
258,,,,,,s263,,,,,,,,,,,,,,,,,,,,,,,,,,s64,,,,
262,,,,,,,,,,,s265,,,,,,,,,,,,,,,,,,,,,,,,,
260,,,,,,,,,,,,,,,,,,,,s155,s154,,,s152,,s151,,,,s153,s157,,,,,
255,,,,,,,,,,,,,,,,,,,,,,r2,,,,,,,,r2,,,,,,
247,,,,,s253,,,,,,,,,,,,,,,,,,,,,,,,,,,,,,,
266,,,,,,,,,,,,,,,,,,,,,,r12,,,,,,,,,,,r12,r12,,
263,,,,,,,,,,,s267,,,,,,,,,,,,,,,,,,,,,,,,,
250,s182,,,,s133,,,,s216,,,,,,,,,,,,,,,,s121,,s183,s123,s134,,,,,,,
259,,,,,,,,,,,,,,,,,,,,,,r11,,,,,,,,r11,,,,,,
246,,,,,,,,,,,,,,,,,,,,s17,s16,,,s14,,s13,,,,s15,s19,,s255,,,
261,,,,,,,,,,,,,,,,,,,,,,r13,,,,,,,,r13,,,,,,
267,,,,,,,,,,,,,,,,,,,,,,r14,,,,,,,,r14,,,,,,
244,,,,,,,,,,,,,,,,,,,,,,r2,,,,,,,,,,,r2,r2,,
254,,,,,,,,,,,,,,,,,,,,s203,s202,,,s200,,s199,,,,s201,s205,,,,,
256,,,,,,s262,,,,,,,,,,,,,,,,,,,,,,,,,,s64,,,,
257,,,,,,,,,,,,,,,,,,,,s203,s202,,,s200,,s199,,,,s201,s205,,,,,
245,,,,,,,,,,,,,,,,,,,,,,,,,,,,,,r14,,,,,,
264,,,,,,,,,,,,,,,,,,,,s203,s202,,,s200,,s199,,,,s201,s205,,,,,
248,,,,,,s257,,,,,,,,,,,,,,,,,,,,,,,,,,s64,,,,
